﻿<?xml version="1.0" encoding="utf-8"?>
<contentitemdata.dancinggoat.articlepage>
  <ArticlePagePublishDate>2023-07-29 22:00:00Z</ArticlePagePublishDate>
  <ArticlePageSummary>
    <![CDATA[We have put down three procedures with clearly written steps describing the process of making coffee. Read this article to convince yourself that brewing coffee is no science.]]>
  </ArticlePageSummary>
  <ArticlePageTeaser>
    <![CDATA[[{"Identifier":"29a1ccaf-3cc8-4c58-b57c-824b94a9535e"}]]]>
  </ArticlePageTeaser>
  <ArticlePageText>
    <![CDATA[<p id="isPasted">Not that long ago, actually back in the early 2000s, coffee making industry had a single aim: convenience. It may have been hand in hand with the rising economic growth. Everyone felt they had to stay busy and get as much done as possible in order to succeed at their lives. Making coffee was usually the matter of pressing a single button. Convenience brought us the likes of Tassimo, Nespresso and other many similar amenities.</p><p>Nowadays, though, everything seems to be slowing down. People take time. Or maybe, they just gave up and they don't bother being in a rush any more. This brought a renaissance of rediscovering the forgotten. Decades old brewing techniques, otherwise performed only by baristas and the geekiest of coffee enthusiasts, are finding their way into everyone’s homes.</p><p>The variety of devices can easily scare the uninitiated off, though. Looking at some of the more complicated brewers especially so. Take vacuum coffee makers, for example. They look like they’ve been taken straight from a chemist lab and that handling them incorrectly could make the whole block go off. Not surprisingly, then, many of us give up and opt for the ‘convenient’ way.</p><p>In this article, we’ll go through some of the simple of these brewing methods. Just to show you that they’re nothing to be afraid off. Making a proper cup of coffee can be super simple. Let’s get to it.</p><h3>Chemex</h3><p>We won’t lie. This one’s our favorite. It’s super easy to use, and it’s got style (go for the wood handle variant)!</p><p>Chemex produces a cup free of any bitterness. We use the 40oz Chemex, which can make 6 to 8 pretty smooth cups at a time.</p><ol><li>Grind, or get about 42 grams (5-6 tablespoons) of ground coffee. The coffee shouldn’t be super-smooth, take kosher salt for reference.</li><li>Place the Chemex filter inside. Rinse with hot water to seal.</li><li>Remove any left-over water.</li><li>Add in the ground coffee and stir briefly. This allows for a more even brewing.</li><li>Heat water to some 205 degrees F, or let freshly boiled water off the heat for some 30-45 seconds.</li><li>Pour just enough water to saturate the grounds. Let it work for 30 seconds.</li><li>Now, pour water evenly, spiraling around the inside of the code, until it reaches the top of the brewer.</li><li>Keep on adding water periodically, until the brewed coffee reaches the Chemex’s glass button.</li><li>Remove the filter and move it to a sink.</li><li>Pre-heat your mug with warm water and then pour in the freshly brewed coffee from your Chemex.</li></ol><p>Enjoy! You can easily manipulate the Chemex with the coffee in, as the handle insulates the heat.</p><h3>Clever Dripper</h3><p>This is probably the one that’s easiest to work with. It’s pretty easy to clean up and lets you control the steeping. The brewer is pretty durable and also safe, as it’s 100% BPA free.</p><p>Brews only one cup at a time, but makes a very smooth, almost chocolaty cups.</p><ol><li>Grind, or get about 22 grams (3 tablespoons) of ground coffee. Make sure the ground is coarse.</li><li>Put the paper filter in and rinse with warm water.</li><li>Add the coffee into the dripper.</li><li>Pour water and cover with a lid for about 1.5 minutes.</li><li>Remove cover, stir and cover again.</li><li>After 2 more minutes, stir one last time and place the Clever Dripper on top of a mug.</li><li>Start draining until the cup’s full.</li></ol><p>Pretty simple right? The coffee stays in the dripper until you release it yourself, which is pretty convenient. Be careful, though, as leaving the coffee in for too long will make it bitter.</p><h3>Hario V60</h3><p>Similar to the Clever Dripper. Immediately brews into a cup so you don’t have to do the draining yourself.</p><p>Comes made from ceramic, glass or PVC and in tons of colors.</p><p>Produces one cup at a time. The brew has a more ‘roasted’ taste.</p><ol><li>Grind, or get about 22 grams (2.5 tablespoons) of ground coffee. Make sure the ground is finer, similar to table salt.</li><li>Place a V60 filter into the Hario.</li><li>Rinse with hot water and discard. This removes any paper taste.</li><li>Add coffee and shake with dripper to level the grounds evenly.</li><li>Pour in just enough water to absorb in the coffee. 30ml should do.</li><li>Let the water absorb for 45 seconds.</li><li>Then, pour hot water steadily over the grounds, topping the Hario. Avoid directly hitting the filter.</li><li>Pour the coffee directly into your mug.</li></ol><p>And that’s it. This should be a pretty smooth a cup.</p><p>Don’t forget that you can buy all the three brewers and many others at our store! Let us know if you want to know about other techniques in the comments below.</p>]]>
  </ArticlePageText>
  <ArticleRelatedPages>
    <![CDATA[[{"Identifier":"69a5c969-8e18-4b57-a9cd-7ce089d0d059"},{"Identifier":"d5d28908-d403-4f6d-ab5a-d7758b43dbf2"},{"Identifier":"0a7a9667-b987-4cb6-93cd-76d8d6b7f3e9"}]]]>
  </ArticleRelatedPages>
  <ArticleTitle>Which brewing fits you?</ArticleTitle>
  <ContentItemDataCommonDataID>
    <GUID>e32afb05-abdd-4646-ab47-66fc3e41991f</GUID>
    <ObjectType>cms.contentitemcommondata</ObjectType>
    <Parent>
      <CodeName>WhichBrewingFitsYou-a6ildi6t</CodeName>
      <GUID>b69db6f4-355b-4e5a-917b-541fba602213</GUID>
      <ObjectType>cms.contentitem</ObjectType>
    </Parent>
  </ContentItemDataCommonDataID>
  <ContentItemDataGUID>01fc8313-e6d4-42af-b445-dc9e843f2fa6</ContentItemDataGUID>
</contentitemdata.dancinggoat.articlepage>